phase,order,mixture,mode,comp1,comp2,x1,Tc_K,Pc_Pa,eta,p_evap_bar,p_cond_bar
INIT,1,n-Dodecane,pure,n-Dodecane,,1.0,658.1000268582027,1817569.5498990365,-0.05,-1.0,-1.0
INIT,2,Toluene,pure,Toluene,,1.0,591.7490789362913,4126346.9485955853,0.05386976109396807,1.343664675775638,0.4444793485633557
