phase,order,mixture,mode,comp1,comp2,x1,Tc_K,Pc_Pa,eta,p_evap_bar,p_cond_bar
INIT,1,R40,pure,R40,,1.0,418.62565210586763,6929002.575398743,0.10749258324376496,56.651061509009104,7.900740115169008
INIT,2,Acetone,pure,Acetone,,1.0,508.10000903114974,4692416.5561745,0.12776549208432003,8.273043169985552,0.466955182548888
INIT,3,Methanol,pure,Methanol,,1.0,513.3795127230579,8215853.274947686,0.1372208921463901,9.533286978886908,0.28138952726635164
INIT,4,SulfurDioxide,pure,SulfurDioxide,,1.0,430.6400006320635,7886578.976938645,0.11247075307792839,45.52168490170056,5.52979770443833
INIT,5,MethylLinoleate,pure,MethylLinoleate,,1.0,799.0001945392406,1340820.8824579124,-0.05,-1.0,-1.0
